id,name,address,district,latitude,longitude,day_of_week,time_text,frequency,notes,is_active
1,山添公会堂,,緑地区,34.331248,134.837519,月,13時30分～,,,TRUE
2,川向公会堂（多目的ホール）,,緑地区,34.326081,134.829081,月,13時00分～,,,TRUE
3,,,緑地区,,,月,13時00分～,,,TRUE
4,緑老人福祉センター（緑グループ）,,緑地区,34.320443,134.831946,火・金,14時00分～,,,TRUE
5,大丸公会堂,,緑地区,34.324337,134.837353,木,13時30分～,,,TRUE
6,中田公会堂,,緑地区,34.324942,134.833952,火,14時00分～,,,TRUE
7,市場公会堂,,緑地区,34.321974,134.834985,水,15時00分～,,,TRUE
8,緑風館（藤南会）,,緑地区,34.317101,134.831946,木,9時30分～,,,TRUE
9,徳原公会堂,,緑地区,34.304311,134.817076,日,13時30分～,,,TRUE
10,中筋地区農村集落多目的共同利用施設,,緑地区,34.305923,134.828749,月,13時30分～,,,TRUE
11,コミュニティプラザながた,,緑地区,34.32564,134.793515,月,13時15分～,,,TRUE
12,倭文公民館（倭文庄田）,,緑地区,34.333689,134.788837,木,9時30分～,,,TRUE
13,土井集落センター（谷華会）,,緑地区,34.337017,134.807371,金,9時30分～,,,TRUE
14,福良地区公民館（うずしお生活学校）,,南淡地区,34.257572,134.722041,水,14時00分～,,,TRUE
15,福良地区公民館（なかよし会）,,南淡地区,34.257572,134.722041,火,10時00分～,,,TRUE
16,ハッピーふくら（旧福良保育園）,,南淡地区,34.258827,134.722846,金,13時30分～,,,TRUE
17,コミュニティプラザ向谷,,南淡地区,34.255356,134.722908,月・水,10時30分～,,,TRUE
18,アトリエ楓（北納屋町）,,南淡地区,34.258555,134.715466,金,9時00分～,,,TRUE
19,うずしお台,,南淡地区,34.25387,134.703588,水,10時00分～,,,TRUE
20,仁尾荘,,南淡地区,34.251119,134.702355,水,13時00分～,,,TRUE
21,ぴんしゃんクラブ（福良小学校）,,南淡地区,34.258125,134.712384,木,9時30分～,,,TRUE
22,市立図書館（なんでもできますぺーす）,,南淡地区,34.257523,134.723913,火・金,10時00分～,,,TRUE
23,賀集地区公民館,,南淡地区,34.262478,134.752625,水,10時00分～,,,TRUE
24,田中寿交会,,南淡地区,34.270724,134.747038,火,14時00分～,,,TRUE
25,八幡北公会堂,,南淡地区,34.280851,134.740203,木,13時00分～,,,TRUE
26,南淡路病院,,南淡地区,34.2599009,134.7565343,木,14時00分～,,,TRUE
27,,,南淡地区,,,火,14時00分～,,,TRUE
28,野田集会所,,南淡地区,34.26547,134.756686,木,13時30分～,,,TRUE
29,北阿万地区公民館,,南淡地区,34.248445,134.750419,金,13時30分～,,,TRUE
30,潮美台地区公民館,,南淡地区,34.256006,134.731711,火,14時00分～,,,TRUE
31,潮美台コミュニティセンター,,南淡地区,34.253321,134.731235,火,9時30分～,,,TRUE
32,阿万地区公民館,,南淡地区,34.248469,134.750488,金,13時30分～,,,TRUE
33,エモラボ（阿万上町）,,南淡地区,34.226439,134.740778,木,10時00分～,,,TRUE
34,佐野公会堂,,南淡地区,34.236494,134.731611,火,13時15分～,,,TRUE
35,吹上町公会堂,,南淡地区,34.222119,134.715263,金,13時30分～,,,TRUE
36,西町公会堂,,南淡地区,34.212376,134.731365,金,14時00分～,,,TRUE
37,丸田公会堂,,南淡地区,34.202341,134.738702,土,14時00分～,,,TRUE
38,東町（自宅）,,南淡地区,34.20753,134.735471,金,14時00分～,,,TRUE
39,来川コミュニティセンター,,南淡地区,34.242917,134.862243,木,13時30分～,,,TRUE
40,阿弥陀堂（サロンうぐいす）,,南淡地区,34.234207,134.853959,火,13時00分～,,,TRUE
41,灘いきがい創造センター,,南淡地区,34.220645,134.827403,木,14時00分～,,,TRUE
42,吉野会館,,南淡地区,34.215542,134.823406,木,13時30分～,,,TRUE
43,ユニティやまもと会館,,南淡地区,34.211574,134.814928,金,13時30分～,,,TRUE
44,灘地区公民館,,南淡地区,34.200155,134.797199,金,13時30分～,,,TRUE
45,大川公会堂,,南淡地区,34.201818,134.773632,水,13時30分～,,,TRUE
46,沼島出張所,,南淡地区,34.168934,134.820307,木,13時30分～,,,TRUE
47,大榎列公会堂,,三原地区,34.309904,134.76712,金,13時30分～,,,TRUE
48,幡多地区営農センター（上幡多）,,三原地区,34.314622,134.780602,火,13時30分～,,,TRUE
49,天理教淡路三原分教会（掃守）,,三原地区,34.326263,134.768614,金,13時00分～,,,TRUE
50,委文公会堂,,三原地区,34.332545,134.781499,金,13時30分～,,,TRUE
51,おのころ（下幡多公会堂）,,三原地区,34.309382,134.775347,金,13時30分～,,,TRUE
52,賢光寺 薬師庵（小榎列）,,三原地区,34.302184,134.765365,金,14時00分～,,,TRUE
53,あかとんぼ（八木大久保）,,三原地区,34.293596,134.794207,金,14時45分～,,,TRUE
54,八木地区公民館,,三原地区,34.296042,134.790007,火,9時40分～,,,TRUE
55,,,三原地区,,,金,10時00分～,,,TRUE
56,平成病院,,三原地区,34.30203,134.795268,水,13時00分～,,,TRUE
57,青木公会堂（青木の集い）,,三原地区,34.280115,134.781691,月,13時30分～,,,TRUE
58,福永コミュニティプラザ,,三原地区,34.287043,134.772235,水,8時30分～,,,TRUE
59,いちばん星（市福永）,,三原地区,34.284982,134.774386,水,13時15分～,,,TRUE
60,十一ヶ所老人福祉センター,,三原地区,34.297213,134.763135,木,10時00分～,,,TRUE
61,三條公会堂,,三原地区,34.293627,134.763362,月,10時00分～,,,TRUE
62,タマイチ会場（市地区公民館）,,三原地区,34.289976,134.767936,火,13時30分～,,,TRUE
63,浦壁公会堂,,三原地区,34.2699,134.787495,木,9時30分～,,,TRUE
64,神代地区公民館（火曜日）,,三原地区,34.277104,134.769858,火,10時00分～,,,TRUE
65,クローバー（神代地区公民館・木）,,三原地区,34.277104,134.769858,木,14時20分～,,,TRUE
66,太陽の家ウエスト,,三原地区,34.27712,134.769866,木,10時00分～,,,TRUE
67,三原志知公民館,,三原地区,34.295711,134.74036,火,13時30分～,,,TRUE
68,古津路集会所（庵）,,西淡地区,34.333421,134.74152,月,13時00分～,,,TRUE
69,,,西淡地区,,,月,13時20分～,,,TRUE
70,幼老複合型うぃずデイサービスセンター,,西淡地区,34.324733,134.747177,月・木,14時00分～,,,TRUE
71,松帆活性化センター,,西淡地区,34.323426,134.747241,火,13時30分～,,,TRUE
72,江尻集落センター,,西淡地区,34.326468,134.74166,金,13時30分～,,,TRUE
73,脇田公会堂,,西淡地区,34.323113,134.75296,月,13時30分～,,,TRUE
74,志知川コミュニティプラザ（しらさぎ会）,,西淡地区,34.315463,134.751037,木,13時30分～,,,TRUE
75,西路コミュニティプラザ,,西淡地区,34.317706,134.741989,金,9時00分～,,,TRUE
76,,,西淡地区,,,水,10時00分～,,,TRUE
77,湊活性化センター,,西淡地区,34.326698,134.731754,木,9時30分～,,,TRUE
78,湊地区公民館（みなと愛好会）,,西淡地区,34.324944,134.73426,火,13時00分～,,,TRUE
79,くつろぎプラザシーパ,,西淡地区,34.324482,134.73583,金,10時00分～,,,TRUE
80,産業文化センター（津井地区公民館）,,西淡地区,34.317741,134.691703,月,13時30分～,,,TRUE
81,雁来地区安心コミュニティプラザ,,西淡地区,34.313049,134.695921,水,13時00分～,,,TRUE
82,伊毘コミュニティプラザ,,西淡地区,34.26234287,134.6751124,木,13時00分～,,,TRUE
83,阿那賀地区公民館,,西淡地区,34.272395,134.671648,月,13時30分～,,,TRUE
84,丸山活性化センター,,西淡地区,34.292967,134.656247,木,13時00分～,,,TRUE
85,丸山地区公民館,,西淡地区,34.286329,134.666454,水,13時15分～,,,TRUE
86,伊加利地区公民館,,西淡地区,34.285465,134.687179,水,13時30分～,,,TRUE
87,老人福祉センター湯の川荘（ふらっと湯の川）,,西淡地区,34.281306,134.691179,月・水・金,11時00分～,,,TRUE
88,志知奥公会堂,,西淡地区,34.288888,134.718031,火,10時30分～,,,TRUE
89,志知北公会堂（喜多ひばり会）,,西淡地区,34.308526,134.739268,火,13時00分～,,,TRUE
90,西淡志知公民館（いきいき会）,志知鈩412,西淡地区,34.301926,134.739046,月,13時30分～,,,TRUE
91,西淡志知公民館（なかよしグループ）,志知鈩412,西淡地区,34.301926,134.739046,日,13時30分～,,,TRUE
